id,labels,kind,simpleName
CH.ifa.draw.figures.ArrowTip,Structure,class,ArrowTip
CH.ifa.draw.standard.ChangeAttributeCommand,Structure,class,ChangeAttributeCommand
boolean,Primitive,,boolean
CH.ifa.draw.standard.SelectAreaTracker,Structure,class,SelectAreaTracker
CH.ifa.draw.samples.javadraw.JavaDrawApp,Structure,class,JavaDrawApp
CH.ifa.draw.util.PaletteButton,Structure,abstract,PaletteButton
CH.ifa.draw.samples.pert.PertApplication,Structure,class,PertApplication
CH.ifa.draw.standard.OffsetLocator,Structure,class,OffsetLocator
CH.ifa.draw.util.PaletteLayout,Structure,class,PaletteLayout
CH.ifa.draw.framework.ConnectionFigure,Structure,interface,ConnectionFigure
CH.ifa.draw.figures.ShortestDistanceConnector,Structure,class,ShortestDistanceConnector
CH.ifa.draw.samples.javadraw.MySelectionTool,Structure,class,MySelectionTool
CH.ifa.draw.standard.AlignCommand,Structure,class,AlignCommand
CH.ifa.draw.standard,Container,package,standard
char,Primitive,,char
CH.ifa.draw.standard.StandardDrawingView,Structure,class,StandardDrawingView
CH.ifa.draw.util.Geom,Structure,class,Geom
CH.ifa.draw.util.Filler,Structure,class,Filler
CH.ifa.draw.framework.DrawingChangeListener,Structure,interface,DrawingChangeListener
CH.ifa.draw.figures.ChopEllipseConnector,Structure,class,ChopEllipseConnector
CH.ifa.draw.figures.TextTool,Structure,class,TextTool
CH.ifa.draw.standard.AbstractTool,Structure,class,AbstractTool
CH.ifa.draw.framework.PointConstrainer,Structure,interface,PointConstrainer
CH.ifa.draw.standard.GridConstrainer,Structure,class,GridConstrainer
CH.ifa.draw.contrib.TriangleFigure,Structure,class,TriangleFigure
CH.ifa.draw.samples.javadraw.Animator,Structure,class,Animator
CH.ifa.draw.figures.RectangleFigure,Structure,class,RectangleFigure
CH.ifa.draw.standard.BringToFrontCommand,Structure,class,BringToFrontCommand
CH.ifa.draw.figures.LineDecoration,Structure,interface,LineDecoration
CH.ifa.draw.contrib.PolygonHandle,Structure,class,PolygonHandle
CH.ifa.draw.framework.DrawingChangeEvent,Structure,class,DrawingChangeEvent
float,Primitive,,float
CH.ifa.draw.samples.javadraw.FollowURLTool,Structure,class,FollowURLTool
CH.ifa.draw.contrib.PolygonTool,Structure,class,PolygonTool
CH.ifa.draw.standard.AbstractLocator,Structure,abstract,AbstractLocator
CH.ifa.draw.applet.DrawApplet,Structure,class,DrawApplet
CH.ifa.draw.figures.ConnectedTextTool,Structure,class,ConnectedTextTool
CH.ifa.draw.framework.Figure,Structure,interface,Figure
CH.ifa.draw.standard.SouthHandle,Structure,class,SouthHandle
CH.ifa.draw.util.StorableOutput,Structure,class,StorableOutput
CH.ifa.draw.standard.PasteCommand,Structure,class,PasteCommand
CH.ifa.draw.figures.FontSizeHandle,Structure,class,FontSizeHandle
CH.ifa.draw.application,Container,package,application
CH.ifa.draw.standard.ConnectionHandle,Structure,class,ConnectionHandle
CH.ifa.draw.figures.ScribbleTool,Structure,class,ScribbleTool
CH.ifa.draw,Container,package,draw
CH.ifa.draw.application.DrawApplication,Structure,class,DrawApplication
short,Primitive,,short
CH.ifa.draw.standard.CreationTool,Structure,class,CreationTool
CH.ifa.draw.util.Iconkit,Structure,class,Iconkit
CH.ifa.draw.figures,Container,package,figures
CH.ifa,Container,package,ifa
CH.ifa.draw.standard.AbstractFigure,Structure,abstract,AbstractFigure
CH.ifa.draw.samples.nothing.NothingApplet,Structure,class,NothingApplet
byte,Primitive,,byte
CH.ifa.draw.contrib.DiamondFigure,Structure,class,DiamondFigure
CH.ifa.draw.samples.pert.PertFigureCreationTool,Structure,class,PertFigureCreationTool
CH.ifa.draw.standard.LocatorHandle,Structure,class,LocatorHandle
CH.ifa.draw.util.CommandChoice,Structure,class,CommandChoice
CH.ifa.draw.standard.SimpleUpdateStrategy,Structure,class,SimpleUpdateStrategy
CH.ifa.draw.util.CommandMenu,Structure,class,CommandMenu
CH.ifa.draw.util.PaletteIcon,Structure,class,PaletteIcon
CH.ifa.draw.samples.javadraw.BouncingDrawing,Structure,class,BouncingDrawing
CH.ifa.draw.standard.WestHandle,Structure,class,WestHandle
CH.ifa.draw.figures.InsertImageCommand,Structure,class,InsertImageCommand
CH.ifa.draw.framework.Handle,Structure,interface,Handle
CH.ifa.draw.standard.NorthEastHandle,Structure,class,NorthEastHandle
CH.ifa.draw.figures.PolyLineFigure,Structure,class,PolyLineFigure
CH.ifa.draw.samples.javadraw.URLTool,Structure,class,URLTool
CH.ifa.draw.standard.BoxHandleKit,Structure,class,BoxHandleKit
CH.ifa.draw.framework.Locator,Structure,interface,Locator
CH.ifa.draw.samples.javadraw.JavaDrawApplet,Structure,class,JavaDrawApplet
CH.ifa.draw.standard.TextHolder,Structure,interface,TextHolder
CH.ifa.draw.figures.TextFigure,Structure,class,TextFigure
CH.ifa.draw.framework.Connector,Structure,interface,Connector
CH.ifa.draw.figures.RadiusHandle,Structure,class,RadiusHandle
java.lang.String,Structure,,String
CH.ifa.draw.standard.NorthWestHandle,Structure,class,NorthWestHandle
CH.ifa.draw.samples.net.NodeFigure,Structure,class,NodeFigure
CH.ifa.draw.figures.LineConnection,Structure,class,LineConnection
CH.ifa.draw.standard.HandleTracker,Structure,class,HandleTracker
long,Primitive,,long
CH.ifa.draw.figures.FigureAttributes,Structure,class,FigureAttributes
CH.ifa.draw.framework.HJDError,Structure,class,HJDError
CH.ifa.draw.figures.UngroupCommand,Structure,class,UngroupCommand
CH.ifa.draw.standard.ChopBoxConnector,Structure,class,ChopBoxConnector
CH.ifa.draw.standard.DeleteCommand,Structure,class,DeleteCommand
CH.ifa.draw.applet.SleeperThread,Structure,class,SleeperThread
CH.ifa.draw.figures.LineFigure,Structure,class,LineFigure
CH.ifa.draw.figures.GroupHandle,Structure,class,GroupHandle
CH.ifa.draw.framework.FigureChangeEvent,Structure,class,FigureChangeEvent
CH.ifa.draw.samples.net.NetApp,Structure,class,NetApp
CH.ifa.draw.standard.ChangeConnectionHandle,Structure,abstract,ChangeConnectionHandle
CH.ifa.draw.util.ColorEntry,Structure,class,ColorEntry
CH.ifa.draw.figures.ElbowConnection,Structure,class,ElbowConnection
CH.ifa.draw.figures.EllipseFigure,Structure,class,EllipseFigure
CH.ifa.draw.figures.ImageFigure,Structure,class,ImageFigure
CH.ifa.draw.util.PaletteListener,Structure,interface,PaletteListener
CH.ifa.draw.standard.DragTracker,Structure,class,DragTracker
CH.ifa.draw.contrib.TriangleRotationHandle,Structure,class,TriangleRotationHandle
CH.ifa.draw.standard.ToggleGridCommand,Structure,class,ToggleGridCommand
CH.ifa.draw.util,Container,package,util
CH.ifa.draw.figures.BorderTool,Structure,class,BorderTool
CH.ifa.draw.standard.SouthEastHandle,Structure,class,SouthEastHandle
CH.ifa.draw.samples,Container,package,samples
CH.ifa.draw.standard.ChangeConnectionStartHandle,Structure,class,ChangeConnectionStartHandle
CH.ifa.draw.standard.SelectionTool,Structure,class,SelectionTool
CH.ifa.draw.applet,Container,package,applet
CH.ifa.draw.contrib.PolygonScaleHandle,Structure,class,PolygonScaleHandle
CH.ifa.draw.standard.FigureEnumerator,Structure,class,FigureEnumerator
CH.ifa.draw.samples.pert,Container,package,pert
CH.ifa.draw.figures.PolyLineHandle,Structure,class,PolyLineHandle
CH.ifa.draw.standard.CutCommand,Structure,class,CutCommand
CH.ifa.draw.samples.nothing,Container,package,nothing
CH.ifa.draw.util.Clipboard,Structure,class,Clipboard
CH.ifa.draw.framework.FigureChangeListener,Structure,interface,FigureChangeListener
CH.ifa.draw.standard.AbstractHandle,Structure,abstract,AbstractHandle
CH.ifa.draw.standard.NorthHandle,Structure,class,NorthHandle
CH.ifa.draw.samples.net,Container,package,net
CH.ifa.draw.framework.FigureSelection,Structure,class,FigureSelection
CH.ifa.draw.standard.NullHandle,Structure,class,NullHandle
CH.ifa.draw.standard.CompositeFigure,Structure,abstract,CompositeFigure
CH.ifa.draw.figures.BorderDecorator,Structure,class,BorderDecorator
CH.ifa.draw.figures.ElbowHandle,Structure,class,ElbowHandle
CH.ifa.draw.standard.RelativeLocator,Structure,class,RelativeLocator
CH.ifa.draw.standard.SouthWestHandle,Structure,class,SouthWestHandle
CH.ifa.draw.util.FloatingTextField,Structure,class,FloatingTextField
CH.ifa.draw.samples.pert.PertApplet,Structure,class,PertApplet
CH.ifa.draw.util.Command,Structure,abstract,Command
CH.ifa.draw.framework,Container,package,framework
CH.ifa.draw.framework.Painter,Structure,interface,Painter
CH.ifa.draw.standard.SendToBackCommand,Structure,class,SendToBackCommand
double,Primitive,,double
CH.ifa.draw.samples.nothing.NothingApp,Structure,class,NothingApp
CH.ifa.draw.standard.DecoratorFigure,Structure,abstract,DecoratorFigure
CH.ifa.draw.standard.ReverseFigureEnumerator,Structure,class,ReverseFigureEnumerator
CH.ifa.draw.figures.GroupCommand,Structure,class,GroupCommand
CH.ifa.draw.standard.ActionTool,Structure,abstract,ActionTool
CH.ifa.draw.standard.ToolButton,Structure,class,ToolButton
CH.ifa.draw.util.ColorMap,Structure,class,ColorMap
CH.ifa.draw.samples.javadraw,Container,package,javadraw
CH.ifa.draw.util.StorableInput,Structure,class,StorableInput
int,Primitive,,int
CH.ifa.draw.figures.AttributeFigure,Structure,abstract,AttributeFigure
CH.ifa.draw.standard.DuplicateCommand,Structure,class,DuplicateCommand
CH.ifa.draw.util.Storable,Structure,interface,Storable
CH.ifa.draw.framework.DrawingView,Structure,interface,DrawingView
CH.ifa.draw.contrib.PolygonFigure,Structure,class,PolygonFigure
CH.ifa.draw.util.ReverseVectorEnumerator,Structure,class,ReverseVectorEnumerator
CH.ifa.draw.standard.AbstractConnector,Structure,abstract,AbstractConnector
CH.ifa.draw.figures.ElbowTextLocator,Structure,class,ElbowTextLocator
CH.ifa.draw.samples.javadraw.AnimationDecorator,Structure,class,AnimationDecorator
CH.ifa.draw.framework.DrawingEditor,Structure,interface,DrawingEditor
CH.ifa.draw.util.Animatable,Structure,interface,Animatable
CH.ifa.draw.samples.pert.PertDependency,Structure,class,PertDependency
CH.ifa.draw.standard.BufferedUpdateStrategy,Structure,class,BufferedUpdateStrategy
CH.ifa.draw.samples.pert.PertFigure,Structure,class,PertFigure
CH.ifa.draw.standard.ChangeConnectionEndHandle,Structure,class,ChangeConnectionEndHandle
CH.ifa.draw.samples.javadraw.JavaDrawViewer,Structure,class,JavaDrawViewer
CH.ifa.draw.standard.EastHandle,Structure,class,EastHandle
CH.ifa.draw.standard.FigureChangeEventMulticaster,Structure,class,FigureChangeEventMulticaster
CH.ifa.draw.contrib.ChopPolygonConnector,Structure,class,ChopPolygonConnector
CH.ifa.draw.framework.Drawing,Structure,interface,Drawing
CH.ifa.draw.standard.StandardDrawing,Structure,class,StandardDrawing
CH.ifa.draw.framework.Tool,Structure,interface,Tool
CH.ifa.draw.figures.PolyLineConnector,Structure,class,PolyLineConnector
CH.ifa.draw.samples.javadraw.PatternPainter,Structure,class,PatternPainter
CH.ifa.draw.standard.LocatorConnector,Structure,class,LocatorConnector
CH.ifa.draw.standard.CopyCommand,Structure,class,CopyCommand
CH.ifa.draw.standard.ConnectionTool,Structure,class,ConnectionTool
CH.ifa.draw.figures.RoundRectangleFigure,Structure,class,RoundRectangleFigure
CH.ifa.draw.standard.FigureTransferCommand,Structure,abstract,FigureTransferCommand
CH.ifa.draw.figures.PolyLineLocator,Structure,class,PolyLineLocator
CH.ifa.draw.figures.GroupFigure,Structure,class,GroupFigure
CH,Container,package,CH
CH.ifa.draw.figures.NumberTextFigure,Structure,class,NumberTextFigure
CH.ifa.draw.contrib,Container,package,contrib
CH.ifa.draw.util.CommandButton,Structure,class,CommandButton
CH.ifa.draw.framework.FigureEnumeration,Structure,interface,FigureEnumeration